{
  "B_0-171" : {
    "transaction" : "B_0-171",
    "sampleCount" : 100,
    "errorCount" : 0,
    "errorPct" : 0.0,
    "meanResTime" : 5022.97,
    "medianResTime" : 5155.0,
    "minResTime" : 2372.0,
    "maxResTime" : 8990.0,
    "pct1ResTime" : 6781.8,
    "pct2ResTime" : 7405.95,
    "pct3ResTime" : 8977.369999999994,
    "throughput" : 10.267994660642776,
    "receivedKBytesPerSec" : 22.892714697350854,
    "sentKBytesPerSec" : 4.462165648423863
  },
  "B_0" : {
    "transaction" : "B_0",
    "sampleCount" : 100,
    "errorCount" : 0,
    "errorPct" : 0.0,
    "meanResTime" : 5022.97,
    "medianResTime" : 5155.0,
    "minResTime" : 2372.0,
    "maxResTime" : 8990.0,
    "pct1ResTime" : 6781.8,
    "pct2ResTime" : 7405.95,
    "pct3ResTime" : 8977.369999999994,
    "throughput" : 9.585889570552148,
    "receivedKBytesPerSec" : 21.371946744392254,
    "sentKBytesPerSec" : 4.165743026265337
  },
  "B_1-127" : {
    "transaction" : "B_1-127",
    "sampleCount" : 100,
    "errorCount" : 0,
    "errorPct" : 0.0,
    "meanResTime" : 556.5600000000001,
    "medianResTime" : 498.0,
    "minResTime" : 377.0,
    "maxResTime" : 1045.0,
    "pct1ResTime" : 836.3000000000001,
    "pct2ResTime" : 928.5999999999997,
    "pct3ResTime" : 1043.9699999999996,
    "throughput" : 26.239832065074783,
    "receivedKBytesPerSec" : 60.54789999344004,
    "sentKBytesPerSec" : 16.041147336657044
  },
  "B_2" : {
    "transaction" : "B_2",
    "sampleCount" : 100,
    "errorCount" : 0,
    "errorPct" : 0.0,
    "meanResTime" : 536.4699999999999,
    "medianResTime" : 472.0,
    "minResTime" : 388.0,
    "maxResTime" : 1101.0,
    "pct1ResTime" : 854.8000000000002,
    "pct2ResTime" : 926.6999999999999,
    "pct3ResTime" : 1100.5899999999997,
    "throughput" : 26.413100898045432,
    "receivedKBytesPerSec" : 66.0768600600898,
    "sentKBytesPerSec" : 17.643125990491285
  },
  "B_1" : {
    "transaction" : "B_1",
    "sampleCount" : 100,
    "errorCount" : 0,
    "errorPct" : 0.0,
    "meanResTime" : 556.5600000000001,
    "medianResTime" : 498.0,
    "minResTime" : 377.0,
    "maxResTime" : 1045.0,
    "pct1ResTime" : 836.3000000000001,
    "pct2ResTime" : 928.5999999999997,
    "pct3ResTime" : 1043.9699999999996,
    "throughput" : 26.15062761506276,
    "receivedKBytesPerSec" : 60.34206246731172,
    "sentKBytesPerSec" : 15.98661414748954
  },
  "Total" : {
    "transaction" : "Total",
    "sampleCount" : 400,
    "errorCount" : 0,
    "errorPct" : 0.0,
    "meanResTime" : 1656.5925000000002,
    "medianResTime" : 513.5,
    "minResTime" : 377.0,
    "maxResTime" : 8990.0,
    "pct1ResTime" : 5577.0,
    "pct2ResTime" : 6392.649999999999,
    "pct3ResTime" : 7619.860000000002,
    "throughput" : 13.76746747435809,
    "receivedKBytesPerSec" : 32.22468022905624,
    "sentKBytesPerSec" : 8.56769399222138
  },
  "B_2-134" : {
    "transaction" : "B_2-134",
    "sampleCount" : 100,
    "errorCount" : 0,
    "errorPct" : 0.0,
    "meanResTime" : 536.4699999999999,
    "medianResTime" : 472.0,
    "minResTime" : 388.0,
    "maxResTime" : 1101.0,
    "pct1ResTime" : 854.8000000000002,
    "pct2ResTime" : 926.6999999999999,
    "pct3ResTime" : 1100.5899999999997,
    "throughput" : 26.78093197643278,
    "receivedKBytesPerSec" : 66.99705200522229,
    "sentKBytesPerSec" : 17.888825656132834
  },
  "B_3" : {
    "transaction" : "B_3",
    "sampleCount" : 100,
    "errorCount" : 0,
    "errorPct" : 0.0,
    "meanResTime" : 510.36999999999995,
    "medianResTime" : 449.0,
    "minResTime" : 386.0,
    "maxResTime" : 1089.0,
    "pct1ResTime" : 794.0000000000002,
    "pct2ResTime" : 859.1999999999998,
    "pct3ResTime" : 1086.879999999999,
    "throughput" : 27.344818156959253,
    "receivedKBytesPerSec" : 63.54625974159147,
    "sentKBytesPerSec" : 21.202915641235986
  },
  "B_3-168" : {
    "transaction" : "B_3-168",
    "sampleCount" : 100,
    "errorCount" : 0,
    "errorPct" : 0.0,
    "meanResTime" : 510.36999999999995,
    "medianResTime" : 449.0,
    "minResTime" : 386.0,
    "maxResTime" : 1089.0,
    "pct1ResTime" : 794.0000000000002,
    "pct2ResTime" : 859.1999999999998,
    "pct3ResTime" : 1086.879999999999,
    "throughput" : 27.563395810363836,
    "receivedKBytesPerSec" : 64.05420944735391,
    "sentKBytesPerSec" : 21.372398704520396
  }
}